101444	690px-08	bWFzdGVyfGltYWdlc3wxOTAzNTV8aW1hZ2UvcG5nfHN5cy1tYXN0ZXIvaW1hZ2VzL2g3Ny9oNGUvMTAwNjc3Mjc0NTAxNDIvMTAxNDQ0LWVuLVVTLTY5MHB4LTA4fDgwN2VlYmJkZDNiNjY4ZGY4MjZiODVhMTRiZjA1ODBjMDI5Y2IyY2RhNTM3MDY2M2Y5MzNiZjE4MjZlYjM1YzI
101593	690px-08	bWFzdGVyfGltYWdlc3wyODEwNDJ8aW1hZ2UvcG5nfHN5cy1tYXN0ZXIvaW1hZ2VzL2g3YS9oNWYvOTg5MDE2OTY1MTIzMC8xMDE1OTMtZW4tVVMtNjkwcHgtMDh8YTAxMzY1YTM3NDk5M2EwZWIxY2RiYWNhOGFkZGRjMjJkZjgyZTQ1NzU4OWIxOGJiYjBhZGQ0MjRlODEzMWFjMg
107846	690px-08	bWFzdGVyfGltYWdlc3wyODEwNDJ8aW1hZ2UvcG5nfHN5cy1tYXN0ZXIvaW1hZ2VzL2gxNS9oZTEvOTg4NjU4NDg5NzU2Ni8xMDc4NDYtZW4tVVMtNjkwcHgtMDh8ZDZhZWJiYzRlMTZiMWIwODQ0OTQxOGFjNmU3ODY0YTgxMmZmZjU1YzRkNzcwNWQ4ODRhMDhmZTNlMThhMzBkNQ
110369	690px-08	bWFzdGVyfGltYWdlc3wyNDU3Mjl8aW1hZ2UvcG5nfHN5cy1tYXN0ZXIvaW1hZ2VzL2g2YS9oMDgvOTg4NjU5MDMwNDI4Ni8xMTAzNjktZW4tVVMtNjkwcHgtMDh8YTM4N2RhNDJjMTUyZDhiNTlhMDllZDRhNDcwMjgwYzk5YTllMWEwMzAyNDc4NDVjY2U5YWI2MjcyNzZhMTViNQ
110370	690px-08	bWFzdGVyfGltYWdlc3wyNDU3Mjl8aW1hZ2UvcG5nfHN5cy1tYXN0ZXIvaW1hZ2VzL2hjMC9oNmUvOTg5Mzk1NDIyNDE1OC8xMTAzNzAtZW4tVVMtNjkwcHgtMDh8OTg2M2QxOGQ1OWE4NThlMWIwY2ExNjI1NDdlNTU3OTQ0NGFjYjQ1MDI5OTQ5MWJiMjY2MzU3YjRiZjMyN2I4Yw
110385	690px-08	bWFzdGVyfGltYWdlc3wyNDEyNDJ8aW1hZ2UvcG5nfHN5cy1tYXN0ZXIvaW1hZ2VzL2gxMC9oYmIvOTg5MDE4MTk3MTk5OC8xMTAzODUtZW4tVVMtNjkwcHgtMDh8MTViZDYxZGUxOTI3MDhkMGIwMjQyOGMxMzcwNjdmNjY3ZDhjOWJkYjM1NDYxODc3OTdmZjM0OGQ3MWY2Zjk2OA
110386	690px-08	bWFzdGVyfGltYWdlc3wyNDEyNDJ8aW1hZ2UvcG5nfHN5cy1tYXN0ZXIvaW1hZ2VzL2g4OC9oNTYvOTg5Mzk1MjY4NDA2Mi8xMTAzODYtZW4tVVMtNjkwcHgtMDh8YThlYjBjYmM4ZDEzMWJjZmU4YjRlNTlmZjY2ZDJiN2ZlYmIzOGU0ZmU0YzlhZjNhODk3ZThiYmUxMzE0YmQ2Mg
110390	690px-08	bWFzdGVyfGltYWdlc3wyMTQxNTJ8aW1hZ2UvcG5nfHN5cy1tYXN0ZXIvaW1hZ2VzL2gzNi9oZWQvOTg4OTc0Nzk1OTgzOC8xMTAzOTAtZW4tVVMtNjkwcHgtMDh8ZTgwZTRjMzM1OWM3ZTY1OWQ4ZWU5OTc1NDFmYzRkZWU4ZWI3MzRlODhjODNmOGMwMGJjMGFjMzE1YmIyMmNiZQ
110601	690px-08	bWFzdGVyfGltYWdlc3wyMzUwNTZ8aW1hZ2UvcG5nfHN5cy1tYXN0ZXIvaW1hZ2VzL2gzMC9oMTcvOTg4NjU4NzY1MDA3OC8xMTA2MDEtZW4tVVMtNjkwcHgtMDh8ZmI2NjM4MzRhMDg4OTU0OGFjNWU2ZjJmNTBkMGZlZDQ4MDMzZWMzYjM1OWRjMTYzYTk2ODZlNjJkZmFkYjUxZg
110627	690px-08	bWFzdGVyfGltYWdlc3wyMDA4OTF8aW1hZ2UvcG5nfHN5cy1tYXN0ZXIvaW1hZ2VzL2gxYi9oNzYvOTg4NjU5NjQzMTkwMi8xMTA2MjctZW4tVVMtNjkwcHgtMDh8NGQzNjhlMTk2NjVhNjZkNDM4NDYxM2EyMDBjYTJkYzFiMjEyNWJjODVmNDg0Yzc3ZmEyNjM5YjkyOGY5ZTNmZA
110628	690px-08	bWFzdGVyfGltYWdlc3wyMDA4OTF8aW1hZ2UvcG5nfHN5cy1tYXN0ZXIvaW1hZ2VzL2g3Ni9oZWQvOTg5Mzk1NTg2MjU1OC8xMTA2MjgtZW4tVVMtNjkwcHgtMDh8ODJiM2YyM2UzYjI0OTI2N2IzZGNhMTNlZjkxMzJlZTE2Y2Q2NjVkNDA0N2IwMGExMGVkODJlN2Y4MmZlZDcxMA
110631	690px-08	bWFzdGVyfGltYWdlc3wyMzUwNTZ8aW1hZ2UvcG5nfHN5cy1tYXN0ZXIvaW1hZ2VzL2gyOC9oZTIvOTg5MDE3OTEyMTE4Mi8xMTA2MzEtZW4tVVMtNjkwcHgtMDh8YTcyYjc0MTdkZGYyNjk0YjBiZWE4NmQ4NTE1MmNjMzAzMmZlNTViZDk2OTI3YjdlNDljYjJlNzY0MzYzZWFjYg
126184	690px-08	bWFzdGVyfGltYWdlc3wyMjM5MDl8aW1hZ2UvcG5nfHN5cy1tYXN0ZXIvaW1hZ2VzL2hmYi9oYTgvOTc1MzY1NTI3OTY0Ni8xMjYxODQtZW4tVVMtNjkwcHgtMDh8OTU4OTZkZmU2MjFmY2JjNjY1ZGQxM2QzMDAzZmJlNTExOWExNDg0MGZmYTM4MTYyYWVmMDQwZDViYjBmNTcwOQ
126197	690px-08	bWFzdGVyfGltYWdlc3wyMjM5MDl8aW1hZ2UvcG5nfHN5cy1tYXN0ZXIvaW1hZ2VzL2g1Ny9oODEvOTc1MjI1NjA4NjA0Ni8xMjYxOTctZW4tVVMtNjkwcHgtMDh8ZjcxMDQwMTZhZmMwMDZjZmMzMzA5ZDU0ZTIzYzBkMTdhZGQyZTZhOTgyN2Y2OTEwMmEyNjc5Yzk2N2M1MTM2Ng
126198	690px-08	bWFzdGVyfGltYWdlc3wyMjM5MDl8aW1hZ2UvcG5nfHN5cy1tYXN0ZXIvaW1hZ2VzL2hiZS9oYjUvOTc1MzY2MzczMzc5MC8xMjYxOTgtZW4tVVMtNjkwcHgtMDh8YzFjODBiYjE0YTJjOTQwMjIyMzM5MTk1MWIxYzE2ZmUyY2VjN2Y5N2QzZDY4ZGViYTgxODc2NzdlNTgwZTQzMw
126199	690px-08	bWFzdGVyfGltYWdlc3wyMjM5MDl8aW1hZ2UvcG5nfHN5cy1tYXN0ZXIvaW1hZ2VzL2hjYy9oMjMvOTc1MzY1MzQ3NzQwNi8xMjYxOTktZW4tVVMtNjkwcHgtMDh8OTU1NjQ2ZDYyOGM5ODE1M2NkZWZjMjJmMGIxOWVhYTY1MzkyOTllNGU0ZTQxYTQ4MmFmMmM4MjZkMTMyOWEwNQ
126201	690px-08	bWFzdGVyfGltYWdlc3wyMjM5MDl8aW1hZ2UvcG5nfHN5cy1tYXN0ZXIvaW1hZ2VzL2g2YS9oYTUvOTc1MzY0NzAyMjExMC8xMjYyMDEtZW4tVVMtNjkwcHgtMDh8NjkwZmVjN2ZkYjcyMzY1MzNhM2E1M2ZhYmFiZjIwN2UyYzNlY2EyNzg0MjUyZTg4MzIyYWQwNjhiNjBlODdlZQ
126202	690px-08	bWFzdGVyfGltYWdlc3wyMjM5MDl8aW1hZ2UvcG5nfHN5cy1tYXN0ZXIvaW1hZ2VzL2hlOC9oZWMvOTc1MzY0ODE2ODk5MC8xMjYyMDItZW4tVVMtNjkwcHgtMDh8NjU1YWZiMTk1ZjYwNzQ2OGFlYjJlNjdjZGMyYWJmZGMzMTg5YzBhYWYwNzZkNzAyNTk3ZDNiMzgwMzY1ZTQ2NA
126753	690px-08	bWFzdGVyfGltYWdlc3wyODAwMDB8aW1hZ2UvcG5nfHN5cy1tYXN0ZXIvaW1hZ2VzL2g0NS9oZTUvOTg5MDE2NjQwNzE5OC8xMjY3NTMtZW4tVVMtNjkwcHgtMDh8Zjk0MTAyYjE1MTJmY2ZiMjYyZjE3MWJlMmE4M2NjMTVjMTRkNmRkZTliNTIzZDhiODZkZGRhNzVkN2NmZDZlNg
126754	690px-08	bWFzdGVyfGltYWdlc3wyODAwMDB8aW1hZ2UvcG5nfHN5cy1tYXN0ZXIvaW1hZ2VzL2hjOS9oNTkvOTg4NjU4MTkxNTY3OC8xMjY3NTQtZW4tVVMtNjkwcHgtMDh8MDNkMmE0M2QxM2I3NGIxNjU5ZTBhMDU0MTI4ZmNiNGJlZTZlOTBlY2JlNGY5OTY1OTk3YjZmMzg3YjRjMmZkOA
126883	690px-08	bWFzdGVyfGltYWdlc3wyMjM5MDl8aW1hZ2UvcG5nfHN5cy1tYXN0ZXIvaW1hZ2VzL2gzZC9oZjAvOTc1MzY0ODA3MDY4Ni8xMjY4ODMtZW4tVVMtNjkwcHgtMDh8MmNmMDEwZjJkZDVkNzg1YWE2ZWM5MDlhZTIxOGUxNzE2YTUzY2ZiMmQyM2EzMDliMDM3YWM3YjM3NjEwN2IxOA
126981	690px-08	bWFzdGVyfGltYWdlc3wyMjM5MDl8aW1hZ2UvcG5nfHN5cy1tYXN0ZXIvaW1hZ2VzL2gyMC9oODYvOTc1MzY0NDU5NzI3OC8xMjY5ODEtZW4tVVMtNjkwcHgtMDh8M2FmY2MxOGU5OTc4ZTViNjNmZjc4M2Y3ZmUzOWYxY2IwZTQ0YjVkMzcyOGZlNDk5YzE3ZGJiN2U4ZDAzZDYzMA
126982	690px-08	bWFzdGVyfGltYWdlc3wyMjM5MDl8aW1hZ2UvcG5nfHN5cy1tYXN0ZXIvaW1hZ2VzL2gyZi9oOGIvOTc1MzY2MDYyMDgzMC8xMjY5ODItZW4tVVMtNjkwcHgtMDh8YzVlM2ViMzNhOWU3MGUyN2Q3OWNmZjE4ZWMwZWVhN2NhZjI4ZGJlZmYzZDNhNDQyZGYyNjNiYTg0NDNmZjg5Nw
126983	690px-08	bWFzdGVyfGltYWdlc3wyMjM5MDl8aW1hZ2UvcG5nfHN5cy1tYXN0ZXIvaW1hZ2VzL2hjMy9oZTkvOTc1MzY1MTg3MTc3NC8xMjY5ODMtZW4tVVMtNjkwcHgtMDh8MjFkNWFlYTE5ODI5YzI5ZDQyMThhZmFjZmUzZmExNThlZmY5MTAzNzE0ZWZkMWE1YWY0M2VkNjM0Y2I3YjliOQ
126984	690px-08	bWFzdGVyfGltYWdlc3wyNDMzMDV8aW1hZ2UvcG5nfHN5cy1tYXN0ZXIvaW1hZ2VzL2g1ZS9oYjEvOTg5MDE3MzU4MzM5MC8xMjY5ODQtZW4tVVMtNjkwcHgtMDh8MzRmN2ViOWU4MjBiYjJjYzZmNWU4YjNjMmQ3ZmQxOTY4NWQ2M2ZjYTJlZWYxNWE1Yzk0MTljMGMzYjNjODAwZA
126986	690px-08	bWFzdGVyfGltYWdlc3wyNDMzMDV8aW1hZ2UvcG5nfHN5cy1tYXN0ZXIvaW1hZ2VzL2gyNy9oNTMvOTg4NjU4NjYwMTUwMi8xMjY5ODYtZW4tVVMtNjkwcHgtMDh8MTk5MGJjY2U1MmU0MTUxNTA2NDNhN2YyODA1NDRjNjk0NGViYzQ2YjdiNmRlMTI5OGEzNDM2ODNmNjQwZTFkNg
126987	690px-08	bWFzdGVyfGltYWdlc3wyNDMzMDV8aW1hZ2UvcG5nfHN5cy1tYXN0ZXIvaW1hZ2VzL2gxMC9oMzYvOTg5MDE3MjA0MzI5NC8xMjY5ODctZW4tVVMtNjkwcHgtMDh8ZGRjNDc0ZTA5NTk1YTBlYjAwOWU0ODllYzliZDYyYjc3ZTQ4YzAyNDRiZGNlNmMxYTY2MjUzNjZkZmU2ODdkNQ
126998	690px-08	bWFzdGVyfGltYWdlc3wyMjM5MDl8aW1hZ2UvcG5nfHN5cy1tYXN0ZXIvaW1hZ2VzL2g4MC9oOGEvOTc1MzY2MDY4NjM2Ni8xMjY5OTgtZW4tVVMtNjkwcHgtMDh8OGYxOWE0MzkzZjFkMWEzN2IwNTc0M2NhMTk3OTU4ZjkxZjYxZjUxMzEzYjMxMDBjODg4MGI4YmMwZTk2NjA3Mg
127070	690px-08	bWFzdGVyfGltYWdlc3wyMjM5MDl8aW1hZ2UvcG5nfHN5cy1tYXN0ZXIvaW1hZ2VzL2hjNS9oZWQvOTc1MzY1NjIyOTkxOC8xMjcwNzAtZW4tVVMtNjkwcHgtMDh8NGYzZTIyYWJlNjgzYTAwMzdiODUxZGU2NjFhOTA0NDcwOGQ4YmU0ODBlZjA1OTBmN2NiYThmZmQzZmFjOTExOQ
127071	690px-08	bWFzdGVyfGltYWdlc3wyNDMzMDV8aW1hZ2UvcG5nfHN5cy1tYXN0ZXIvaW1hZ2VzL2hmZS9oOWYvOTg5MDE3MzA1OTEwMi8xMjcwNzEtZW4tVVMtNjkwcHgtMDh8M2IyMzY2NWNiNTQxMmVlMGQ3NjQ1NTc4YWJiZjhjYjkzMjUzYWVjNzlkOTY1OTFmZjJlNTMwYmEyYTBhYTY4OQ
127811	690px-10	bWFzdGVyfGltYWdlc3wxMzA0OTN8aW1hZ2UvcG5nfHN5cy1tYXN0ZXIvaW1hZ2VzL2gwOC9oNGUvOTgzMTk5MTYwNzMyNi8xMjc4MTEtZW4tVVMtNjkwcHgtMTB8NGNjMDkwMzZhMTQ5MTY1NGFiOGEyNDJmNzE0N2MwZmU3ZDVjODBmYWU5Mjc4ZjFkYTlmNzUwNzYyNTgyN2Y4YQ
127935	690px-02	bWFzdGVyfGltYWdlc3w3MTQ5Nzh8aW1hZ2UvcG5nfHN5cy1tYXN0ZXIvaW1hZ2VzL2g5NC9oODcvOTkwOTIzMTQxOTQyMi8xMjc5MzUtZW4tVVMtNjkwcHgtMDJ8NWNjZGFhNTIxNzRhNzVmYmYzMzc2YWExYWM0YzUxZGQzMGM4ZDEwZmYxNjBhOGZhYTBmYzg4MmM4ZDUwYzQ0Nw
128154	690px-02	bWFzdGVyfGltYWdlc3w2MjI3Njl8aW1hZ2UvcG5nfHN5cy1tYXN0ZXIvaW1hZ2VzL2gyNC9oNjUvOTk3MjUxMjYyMDU3NC8xMjgxNTQtZW4tVVMtNjkwcHgtMDJ8NGJiYzE5NWFkZWFjM2M4ZTc1YjZjMjg4ZjE3ZGVlODk4MGNlYjJkNmQ3NjcyYTQyMTIzZTQ3MzNjNDZlZWRhNQ
128155	690px-02	bWFzdGVyfGltYWdlc3w2MjI3Njl8aW1hZ2UvcG5nfHN5cy1tYXN0ZXIvaW1hZ2VzL2gzMS9oZGYvOTk3MjUxNTgzMTgzOC8xMjgxNTUtZW4tVVMtNjkwcHgtMDJ8NTQxNTgyYWZjMjBlOGZjNWE1ZWU1NzJkYzU5MWFlNzI3OTU4OTZkYmEzZTU2OTdmZDMyMmY0M2U0OTU1MTIwNw
128156	690px-02	bWFzdGVyfGltYWdlc3w2MjI3Njl8aW1hZ2UvcG5nfHN5cy1tYXN0ZXIvaW1hZ2VzL2hmOC9oMTgvOTk3MjUxODcxNTQyMi8xMjgxNTYtZW4tVVMtNjkwcHgtMDJ8ZDJiZmY1NjA2YzQyNmQwNTRjZmYzZDdmMTg5ZmExYzg5N2M0Yzg3OTZjMjJiZjA1YjcyNTcwZDY3Njk3Y2MyYQ
128463	690px-03	bWFzdGVyfGltYWdlc3w1MzAwODJ8aW1hZ2UvcG5nfHN5cy1tYXN0ZXIvaW1hZ2VzL2gxNS9oMzUvMTAzNjk4MzI0NTIxMjYvMTI4NDYzLWVuLVVTLTY5MHB4LTAzfDI4YmI4ZjZlODM4NDZkMTAzNmQzMmFhZTY2ZjBiNmJjM2ZmNTVmMmI1ZDUyYTM1MjZlYTExYjcwNjgzM2Q5OTU
266673	690px-08	bWFzdGVyfGltYWdlc3wyNDUwMzV8aW1hZ2UvcG5nfHN5cy1tYXN0ZXIvaW1hZ2VzL2hjMS9oNjUvMTAyNDMwMTk2MDM5OTgvMjY2NjczLWVuLVVTLTY5MHB4LTA4fDFiMmVmOTQxYjI2NmYwYjM4ODcyMjVhOTY0MTlkZDRiZjgwNzNiYWJjMWFmZTc3ODc4MzY5MGM5YjlhYjljZWM
305555	690px-08	bWFzdGVyfGltYWdlc3wyMTQxNTJ8aW1hZ2UvcG5nfHN5cy1tYXN0ZXIvaW1hZ2VzL2gxMi9oYzcvOTg4NjU5MzQ1MDAxNC8zMDU1NTUtZW4tVVMtNjkwcHgtMDh8NjcyNWRlY2IzNGUyMTdmMDFhODc0ZWRlMmJhNThiNGYwZjA1ODM3N2NkMjk4Yjg5ZmQ2Yzc1ZjMzNDRjMGYwNA
316375	690px-03	bWFzdGVyfGltYWdlc3w2MTA3ODl8aW1hZ2UvcG5nfHN5cy1tYXN0ZXIvaW1hZ2VzL2hhOC9oYjUvOTY4MDU5MjgzMDQ5NC8zMTYzNzUtZW4tVVMtNjkwcHgtMDN8NDM2MmQyZjkzMjExNjc0NDhmODYyMzc0ZWYzNThhYjIzMmQwZjBiYzU4MDU3ODFkMDdhYjIzMTA3MTI0ODczNw
316376	690px-03	bWFzdGVyfGltYWdlc3w0NjQwMTh8aW1hZ2UvcG5nfHN5cy1tYXN0ZXIvaW1hZ2VzL2hhZC9oZTAvOTY4MDU5MTg0NzQ1NC8zMTYzNzYtZW4tVVMtNjkwcHgtMDN8ZTg5YzVhNTgzMTNhNzFiMzkwZjEzNzdmZDEyMWJhN2MyNzRiMWY2NDViZTk5NTA1YTg4YWMxY2FkNjQ3NDM5Nw
316377	690px-03	bWFzdGVyfGltYWdlc3w1ODQ4Njl8aW1hZ2UvcG5nfHN5cy1tYXN0ZXIvaW1hZ2VzL2g2YS9oMDIvOTY4MDU5NDAxMDE0Mi8zMTYzNzctZW4tVVMtNjkwcHgtMDN8NTE1YWRkMWYzM2UzYTQ2NWY0ODU3MWMzMzIzOWE5N2Q0ODE4MmMyMTRiMmQyNmVjNWMzYThlNzcwODhhMWViYQ
316378	690px-08	bWFzdGVyfGltYWdlc3wyODU0OTd8aW1hZ2UvcG5nfHN5cy1tYXN0ZXIvaW1hZ2VzL2gwMi9oMzQvOTkwOTIzNDYzMDY4Ni8zMTYzNzgtZW4tVVMtNjkwcHgtMDh8Njk5NTBlNWEzNzRmNDUyYzk0YmFkM2ZjY2Q0OTQ2YTY0NmJhMDEzN2MyYmQ2MmFkMWIyODE0YTVhNmIxYmIwNQ
316379	690px-03	bWFzdGVyfGltYWdlc3w3ODY3Mzh8aW1hZ2UvcG5nfHN5cy1tYXN0ZXIvaW1hZ2VzL2g4OC9oZDYvOTY4MDU5MTU1MjU0Mi8zMTYzNzktZW4tVVMtNjkwcHgtMDN8ZDAzOTVjMGEyMDRkY2UwNTU1MmIwNzliNWY5ZjUwMjcyNzQ3NDYwNjkzY2FhZjI1NTg4NTE0NmU0N2ZhOWVlZQ
316380	690px-02	bWFzdGVyfGltYWdlc3wxODU3MDR8aW1hZ2UvcG5nfHN5cy1tYXN0ZXIvaW1hZ2VzL2g3MC9oM2MvOTY3NzMzMjM4MTcyNi8zMTYzODAtZW4tVVMtNjkwcHgtMDJ8NDRjNTk3Y2VkMWYwNjVkZTZjODJjNzk2Zjc3OWYxNDZlZGI3MjUwNDliNGE0NGYyMWYzNjc5M2I5NzdmNGQ2MQ
128032	690px-08	bWFzdGVyfGltYWdlc3wzNjM3OTN8aW1hZ2UvcG5nfHN5cy1tYXN0ZXIvaW1hZ2VzL2gwOC9oNGIvOTk3MjUzODYwNTU5OC8xMjgwMzItZW4tVVMtNjkwcHgtMDh8Zjg5YTE5ZDhkMWM5NWE2NzlkNTU3YmUyZGVmY2Y4NjE3MjE0NTJiODNhOTA2NWI2ZmVjNGIxYmNiMGI3OTk0Yg
127940	690px-03	bWFzdGVyfGltYWdlc3w0NjUyMjN8aW1hZ2UvcG5nfHN5cy1tYXN0ZXIvaW1hZ2VzL2g3Ny9oNDEvMTAzOTMzNDM5MTgxMTAvMTI3OTQwLWVuLVVTLTY5MHB4LTAzfGNkNDgyMzJkOWJiYTc3NjgwYzMxMmNmNTEwMDQ2MTcwNGRmOTMzZGY5NzQ1ZTRmNjEzMzM1ODhiZTA2ODAxYTM
308636	690px-03	bWFzdGVyfGltYWdlc3wyODMwODB8aW1hZ2UvcG5nfHN5cy1tYXN0ZXIvaW1hZ2VzL2hkMC9oZmMvOTY2NTIzOTMxODU1OC8zMDg2MzYtZW4tVVMtNjkwcHgtMDN8ZWQ3YmZkYjFhOTkzMGEwNzI1MmM1YjNhYjAwYmNhZDFmMTkwMzQ5ZDU2MDJhY2EyOWNjM2IxYjlkZmM0YjVjOQ
124506	690px-08	bWFzdGVyfGltYWdlc3wyOTkwNzN8aW1hZ2UvcG5nfHN5cy1tYXN0ZXIvaW1hZ2VzL2gwZC9oMjIvOTc1Mzg2MTIyNjUyNi8xMjQ1MDYtZW4tVVMtNjkwcHgtMDh8MzY2YTg4YTQyZDc0NDYwOTQ1YWU3ZjU3ODc2MTBiZWIzNDlkMTU2ODNmOWI1YjVhYWQwOTQ3YmE1MzljNzY1Zg
308641	690px-08	bWFzdGVyfGltYWdlc3wzMjU0MDB8aW1hZ2UvcG5nfHN5cy1tYXN0ZXIvaW1hZ2VzL2hjMC9oMjcvMTAyNjgyMjY2MTczNzQvMzA4NjQxLWVuLVVTLTY5MHB4LTA4fGExNGZhZDdlMjUzZWU1M2Y4ZDE2OTk4MDM2NDg0ZjdlZjNlZmI4YjI0NTk4OTJjMjc0NjE1ZjA0OTdiNzYyODc
127725	690px-08	bWFzdGVyfGltYWdlc3wyNjIxOTJ8aW1hZ2UvcG5nfHN5cy1tYXN0ZXIvaW1hZ2VzL2hjZC9oMTMvMTAyNjgyMjYwNjAzMTgvMTI3NzI1LWVuLVVTLTY5MHB4LTA4fDUwNDk4YWQzZmE4M2U0NmMyMjEyYTk0ZDlmMTk2ODBiZGQzMDgzNWIyMDM4MzA0NDU1YzI4NzE5NzkxYjhkZjg
120571	690px-03	bWFzdGVyfGltYWdlc3wxNTkyNjZ8aW1hZ2UvcG5nfGltYWdlcy9oNjMvaDk2Lzk0NDk4ODMxNzI4OTQucG5nfDg1ZmRhZDBmMjgzMDRlMzEyYzU3ZWJjY2VkYjgwYWM4MGQxNjEyMjE4MzlhOGNkOWJkM2E5YWJlZGMzYWM0OTc
110922	690px-03	bWFzdGVyfGltYWdlc3w1Mjk1MzF8aW1hZ2UvcG5nfHN5cy1tYXN0ZXIvaW1hZ2VzL2g4NC9oMjIvOTU1Njk4MDQ2NTY5NC8xMTA5MjItZW4tVVMtNjkwcHgtMDN8Yzk3MThiNTNmODVjYzdmNTYzMzQxMTY3ODBhY2Y3ODI0ZjM5MDhkMDkxMmI1N2QwNGFjZmI4NmE3NjI0OGM4Mg
124812	690px-03	bWFzdGVyfGltYWdlc3w1NzgxOXxpbWFnZS9qcGVnfGltYWdlcy9oNTgvaGI2LzkzNDA0MTY5ODMwNzAuanBnfGEwYWYwMDhiNzQ5Y2Y4MmUxY2RlNTg2M2FiNzBiMWRhMGEwZWFjMTEyYjIyYzAyZWQ0NDliMWJjZGYyMzE2Mzc
123783V	690px-08	bWFzdGVyfGltYWdlc3wyMjQyODZ8aW1hZ2UvcG5nfHN5cy1tYXN0ZXIvaW1hZ2VzL2g1MS9oNWQvOTc3NTg5MDcyNjk0Mi8xMjM3ODNWLWVuLVVTLTY5MHB4LTA4fDhmOTcxOGUwNTZmM2ZmZDI4OTg3ODQ3NjEyMTdkY2E5YzQzY2MxMDg5YjFhMzBhMDQxYjY0YmU3YzZkODk4ZmQ
125575	690px-03	bWFzdGVyfGltYWdlc3wxNDY3NTV8aW1hZ2UvcG5nfHN5cy1tYXN0ZXIvaW1hZ2VzL2hlNy9oNDcvOTczMzU3Nzk5ODM2Ni8xMjU1NzUtZW4tVVMtNjkwcHgtMDN8YmExNDFkZjMzZDQ0NzNjN2M1MDA5YmM0NTZjN2I1MzY2N2VjY2U0YWQxNzM5MWI4MmYwN2U0ZjEzZGQ2MzAxNw
316305	690px-08	bWFzdGVyfGltYWdlc3wzMTM2Mjd8aW1hZ2UvcG5nfHN5cy1tYXN0ZXIvaW1hZ2VzL2hkOC9oNWIvOTg0MzgxOTgzOTUxOC8zMTYzMDUtZW4tVVMtNjkwcHgtMDh8YmE5OTFkOWRkMGM2OTQ4NmM2MjZhZWFlYjdkMmQwODRiMjg5M2RiODJmOWQ5MGY4YzY0ZWViMzQ4ZGMwYWM5NQ
316303	690px-08	bWFzdGVyfGltYWdlc3wzMTM2Mjd8aW1hZ2UvcG5nfHN5cy1tYXN0ZXIvaW1hZ2VzL2hiZS9oYTAvOTg0MzgyMDI2NTUwMi8zMTYzMDMtZW4tVVMtNjkwcHgtMDh8NzhmNjViZTU4YzE5Y2QyNjVhMmMwYzJkYjRhNDQzZGViM2U3NTgxOTFiYTQ0ZDNhZmQxYWU1MWVkNTczMTBiNA
316302	690px-08	bWFzdGVyfGltYWdlc3wzMTM2Mjd8aW1hZ2UvcG5nfHN5cy1tYXN0ZXIvaW1hZ2VzL2g2Ny9oMGQvOTg0MzgxODg4OTI0Ni8zMTYzMDItZW4tVVMtNjkwcHgtMDh8ZDdjMDljZjBmM2JlMDQ4OGY0NDEzMmExYWFiZWM1ZGJhYTVkYzliZDQwZTgyYWVlOWFmMDI1ZjBkM2IzMDA1NQ
