# how each product image wants to be shown, and which photograph won.
# id <tab> cut|photo|white <tab> url    — tools/classify_images.py
127725	photo	https://www.amway.com/medias/127725-en-US-690px-03?context=bWFzdGVyfGltYWdlc3w2Mjc2NDJ8aW1hZ2UvcG5nfHN5cy1tYXN0ZXIvaW1hZ2VzL2hjZi9oNDYvOTgzMjAwMjU1MTgzOC8xMjc3MjUtZW4tVVMtNjkwcHgtMDN8ZWJjMDRmZjU0NmI4MzRjN2MxMDhlNGNmNzk3MGE2ZGE5MTMxZjQxZTA2ZjU3ODAyM2M4YTQxNmE5NmE1NDNjMA
120571	photo	https://www.amway.com/medias/120571-en-US-690px-01?context=bWFzdGVyfGltYWdlc3w4MjgwMnxpbWFnZS9wbmd8aW1hZ2VzL2hjYy9oMTAvOTQ0OTg4Mjg3Nzk4Mi5wbmd8ZTdlMTg2M2Q4ZjIwZDQxNmViNTYwY2RiNTRjNzhmMWU0OWQzNDFkNWQ0OWUwMjcwZGJkM2RlMWJkOWIxM2I2Mw
128463	cut	https://www.amway.com/medias/128463-en-US-480px-01?context=bWFzdGVyfGltYWdlc3wxNTI1MTZ8aW1hZ2UvcG5nfHN5cy1tYXN0ZXIvaW1hZ2VzL2hhYy9oMzEvMTAzNjk4MzIzNTM4MjIvMTI4NDYzLWVuLVVTLTQ4MHB4LTAxfGE2ZDA3ZDUzOTk3ZWQwYzJiZWM2MGFkOTZhNDliNTg3ZmIxYjJmM2Y1M2IxMTQ5MTViZDM3Y2RhNjM5ZTQ1NTU
110922	cut	https://www.amway.com/medias/110922-en-US-690px-01?context=bWFzdGVyfGltYWdlc3w1MDEyNjB8aW1hZ2UvcG5nfHN5cy1tYXN0ZXIvaW1hZ2VzL2hkNi9oMjEvOTU1Njk4MDQwMDE1OC8xMTA5MjItZW4tVVMtNjkwcHgtMDF8YWZiNjFjZTgzOWZhMmVlMDRhMGFhOGIzM2ViNWFlY2Y4OThjZjc5MDNhNWNlYzM5ZTFlZjhjZTdiODU1YzcyNA
110390	photo	https://www.amway.com/medias/110390-en-US-480px-01?context=bWFzdGVyfGltYWdlc3w0MzQwN3xpbWFnZS9wbmd8aW1hZ2VzL2g1NC9oOTgvOTM1NTAxMDIxMTg3MC5wbmd8OWNiMTcxZjI4ZWNlN2VkNzIyZTdkYjBiMGIyMDQ2NjdlZGZlYTE2MzdhMmNmZmM0ZjExNTMxN2Y2YTU2NWQwOQ
305555	photo	https://www.amway.com/medias/305555-en-US-480px-01?context=bWFzdGVyfGltYWdlc3w0MTMwMnxpbWFnZS9wbmd8aW1hZ2VzL2hmNS9oNzAvOTM1NTM4OTI3MjA5NC5wbmd8ZGE0Y2Q0OTIzODM4OGIzMTcwZGU5YjcyMDNjNjJjYzU4Y2I0OWQzOGM1NjllOGE5MWM1Mzg1MDZmYzMzZWY5Ng
110601	photo	https://www.amway.com/medias/110601-en-US-480px-01?context=bWFzdGVyfGltYWdlc3wzODM2NHxpbWFnZS9wbmd8aW1hZ2VzL2gxNS9oY2YvOTM1NTE5Mjg2MDcwMi5wbmd8ZWE3NDJlNzU2OTM4YTI0NjQ0Y2ZmN2UwODM2ZGQ5NTYwMDc3OWIzOWJiZGVhMmQyNjM5MDFjYmJlNmM0NDYzNw
110631	photo	https://www.amway.com/medias/110631-en-US-480px-01?context=bWFzdGVyfGltYWdlc3w0MjA5OHxpbWFnZS9wbmd8aW1hZ2VzL2gxZC9oMjUvOTM1NTE5ODIzNDY1NC5wbmd8NGY2NDI4ZmFhYmY1ZTU5NjM4OTVmMTk5MmVhMTJkMmYzYTE4Y2U0ZGM1MGQ2Y2NjZmY2Yzk3ZmJlNGQzNzhhZQ
128154	cut	https://www.amway.com/medias/128154-en-US-480px-01?context=bWFzdGVyfGltYWdlc3wxNDc5Nzl8aW1hZ2UvcG5nfHN5cy1tYXN0ZXIvaW1hZ2VzL2hjZi9oNjEvOTk3MjUxMjcxODg3OC8xMjgxNTQtZW4tVVMtNDgwcHgtMDF8OGNlZWY0ZGRhMmUzZDdkYzExOWRiYzI2NjZkZjA5ZjRiNDFiNzFjZTQ3OWNhNTljMDE3ODNlMjZiODczMmYwNA
128155	cut	https://www.amway.com/medias/128155-en-US-480px-01?context=bWFzdGVyfGltYWdlc3wxMzgzODF8aW1hZ2UvcG5nfHN5cy1tYXN0ZXIvaW1hZ2VzL2g3MC9oYzEvOTk3MjUxNjUxOTk2Ni8xMjgxNTUtZW4tVVMtNDgwcHgtMDF8MTY2OTJlMzViOTIyZmU2NDc0MTM5MDdmNzlhMjMzMTdkNjRlODE1YWNmYWYyOGVkNjNlYTFhNzExM2MxNGVjMA
128156	cut	https://www.amway.com/medias/128156-en-US-480px-01?context=bWFzdGVyfGltYWdlc3wxMzQxMTF8aW1hZ2UvcG5nfHN5cy1tYXN0ZXIvaW1hZ2VzL2gwNi9oNTQvOTk3MjUxNzYzNDA3OC8xMjgxNTYtZW4tVVMtNDgwcHgtMDF8YjUwMmY1NzJkNjk1NmMxMzY0ZTk1MzgyYjk0Zjc4OTcyMGNiOTM1ODUzN2YzMWY1MjY3YTJjNjE4ZGQ4OWJiZA
128167	white	https://www.amway.com/medias/128167-en-US-480px-01?context=bWFzdGVyfGltYWdlc3wxMjYyOTZ8aW1hZ2UvcG5nfHN5cy1tYXN0ZXIvaW1hZ2VzL2gwMy9oYWEvMTAzNjgxNzUzNzQzNjYvMTI4MTY3LWVuLVVTLTQ4MHB4LTAxfDhjZWQ0MmU2ZTMxMzk2NjYzOGFmNDI0ZWQyOTM2NDg2ZjkxMTg3ZjZjYzE5NTIwMWYwNzA5MjgwMThiMDc2NGQ
128168	white	https://www.amway.com/medias/128168-en-US-480px-01?context=bWFzdGVyfGltYWdlc3wxMTIxNzd8aW1hZ2UvcG5nfHN5cy1tYXN0ZXIvaW1hZ2VzL2g5Mi9oNGEvMTAzNjgxNzQ2ODYyMzgvMTI4MTY4LWVuLVVTLTQ4MHB4LTAxfDIyMGI4NmZiYzA3OGYzZDMyYWEzMmViM2E3MTdjYTg4ZjExNzA5YTM4YzkzZjljYTJlMzcyMzc3ODk4YTY5OGI
128169	white	https://www.amway.com/medias/128169-en-US-480px-01?context=bWFzdGVyfGltYWdlc3wxMDk4ODJ8aW1hZ2UvcG5nfHN5cy1tYXN0ZXIvaW1hZ2VzL2gwNi9oMWMvMTAzNjgxNzM3Njg3MzQvMTI4MTY5LWVuLVVTLTQ4MHB4LTAxfDQ5NmYxMDYwODU4MDE4NjVhOTQ4MDM1OWMzNWE0YmRlYjRlN2UzOWQwYjU5OGQyNTAxMjA0MzdkZTJjOGQzOWU
110369	photo	https://www.amway.com/medias/110369-en-US-480px-01?context=bWFzdGVyfGltYWdlc3wyODM2OHxpbWFnZS9wbmd8aW1hZ2VzL2hiZi9oMTEvOTM1NTE5MDU5OTcxMC5wbmd8ZjkwNjlkNDU3MGVjOGI0OTc5NDY0MTYwMmFmMDZjZGM4MzA5MzUyYzUwOGUwMWI3YjMxMzEwMTRhYmE1ZWU5ZQ
110370	photo	https://www.amway.com/medias/110370-en-US-480px-01?context=bWFzdGVyfGltYWdlc3wyNjEyOHxpbWFnZS9wbmd8aW1hZ2VzL2gwOS9oODUvOTM1NTE5Mjk5MTc3NC5wbmd8MjhlNGMyN2JiMzg5ZjIyNDkyYmQ2NTY1NWMxNzEzNDgxNDdiY2MwZmM1YTQ2MzQ2ZmQ5OTkzOWZjOWE2Y2QzZg
101593	photo	https://www.amway.com/medias/101593-en-US-480px-01?context=bWFzdGVyfGltYWdlc3wzMzEwM3xpbWFnZS9wbmd8aW1hZ2VzL2hlOC9oMDYvOTM1NTE4MjYwNDMxOC5wbmd8NTNhOTNlZGE1MDU5ZjJmMjIwZTg5MDc0N2FkYmZmYzQ4NDZmMTM1YTIwM2RhNDdmYmFhNGMwZmRlNTZkYzAwYw
107846	photo	https://www.amway.com/medias/107846-en-US-480px-01?context=bWFzdGVyfGltYWdlc3wzMjU3NXxpbWFnZS9wbmd8aW1hZ2VzL2hkNS9oM2EvOTM1NTE4Nzk0NTUwMi5wbmd8OTY0NGJiNzBlNGYxNGQ4NzBjYzRmOTk5MzYwMGY3YmI4YjU1Y2ZkN2IyNzU0NDJmMmJlOTFmYjgwNjg1N2YyNw
266673	cut	https://www.amway.com/medias/266673-en-US-480px-01?context=bWFzdGVyfGltYWdlc3wxMjEzMzF8aW1hZ2UvcG5nfHN5cy1tYXN0ZXIvaW1hZ2VzL2g5Yy9oM2MvMTAyMzAwMjMwNjE1MzQvMjY2NjczLWVuLVVTLTQ4MHB4LTAxfGM3ZGNkZTJlMDFmYmFmYTZlYjY4MmNkMzQzMjA4ZmZmMjEyZTlmZDM0NDM0ZmZhNTQ1NTNkYjc0ZDlhOTgzMTc
110385	white	https://www.amway.com/medias/110385-en-US-690px-02?context=bWFzdGVyfGltYWdlc3w1NDM3OXxpbWFnZS9qcGVnfGltYWdlcy9oNTMvaGE5Lzg4NzU4MTk4OTI3NjYuanBnfDViYTRmM2Y4NzgzZTU5ZDNlNzQ4ZWMxZmU4NGFkMzFjZmM0NmIyYzEzYmUwNTE4NTFmMDc4NDc5N2QyYTcyOTQ
110386	white	https://www.amway.com/medias/110386-en-US-690px-02?context=bWFzdGVyfGltYWdlc3w1MzA2MnxpbWFnZS9qcGVnfGltYWdlcy9oODYvaDA3Lzg4NzU4MjA1MTUzNTguanBnfDc1NWRjZjNkMjNjMzdhZmFlZTZlMDZiM2E1ODNlZDMyNThhNzFkNDZkYTVkZTlmNGY1YjA2ZWE5OTc2MGMyNTQ
316302	photo	https://www.amway.com/medias/316302-en-US-690px-02?context=bWFzdGVyfGltYWdlc3wyMjE1NzN8aW1hZ2UvcG5nfHN5cy1tYXN0ZXIvaW1hZ2VzL2g5MC9oYjIvOTc0MjgyMzY4NjE3NC8zMTYzMDItZW4tVVMtNjkwcHgtMDJ8MWI4MWI5YzBkODk3ZTA1ODIxNjVlYjIzMTM3NGY0ZDRlMzlhNDRlZjA5MzA1NDEzMGE0MTcyNDAyYTNmNDgyMw
316303	photo	https://www.amway.com/medias/316303-en-US-690px-02?context=bWFzdGVyfGltYWdlc3wyMjg4MDd8aW1hZ2UvcG5nfHN5cy1tYXN0ZXIvaW1hZ2VzL2g2NS9oMzUvOTc0MjgyMTA5NzUwMi8zMTYzMDMtZW4tVVMtNjkwcHgtMDJ8YjIyODliODg5YTFiZTU1NjQxMmUzNDg5NWNhMzM4MDA1NDA4YTE4ZDBjMTlmYWEyNzg0Mjg5OTEwMzhiMGRiYg
316305	photo	https://www.amway.com/medias/316305-en-US-690px-02?context=bWFzdGVyfGltYWdlc3wyMTY1NjV8aW1hZ2UvcG5nfHN5cy1tYXN0ZXIvaW1hZ2VzL2g1MS9oMjcvOTc0MjgxMzM5NzAyMi8zMTYzMDUtZW4tVVMtNjkwcHgtMDJ8ODkwMjI3NmQwZGU3YzMzZTgwYzQzNWVhMTQzMDE2NDlmNDAyNGQwZjc4MjMyZTg1NDUyOTQ5YzQ4MWVjN2IwMg
110627	photo	https://www.amway.com/medias/110627-en-US-480px-01?context=bWFzdGVyfGltYWdlc3w0MDcyN3xpbWFnZS9wbmd8aW1hZ2VzL2g0OC9oZjMvOTM1NTAwODQ3NTE2Ni5wbmd8MWU0ZTRkMmNiNjNlOTcwODdkMTY3OTkyOGQ0NmY0NjFkYzFhZDFhNmM3MWI2OGZiYWRmYTNlOGJhNWFmNTY1ZQ
110628	photo	https://www.amway.com/medias/110628-en-US-480px-01?context=bWFzdGVyfGltYWdlc3w0MDE3M3xpbWFnZS9wbmd8aW1hZ2VzL2g5Yy9oN2IvOTM1NTE4MDczNjU0Mi5wbmd8YTQ3YjNhZWJkNmRiMTVhZTJjNjM4NjhiODFkNTY0YzBmNGNhNTM4OGM3ZDM2YjA4NWE3NmFkYzdkODg4YzdlOQ
316375	white	https://www.amway.com/medias/316375-en-US-480px-01?context=bWFzdGVyfGltYWdlc3w0NTQxMHxpbWFnZS9wbmd8c3lzLW1hc3Rlci9pbWFnZXMvaDg3L2hmYS85Njc3MzM0MDUyODk0LzMxNjM3NS1lbi1VUy00ODBweC0wMXxjY2JiZmYxMzIyMDc0NWQ1MDhjZDQzMjgwOWE2NGY5ZTQ5MDg1MmM3ZGRhYjA1OTc3MTIzZDRlNDdlZjY1ZTIz
316376	white	https://www.amway.com/medias/316376-en-US-480px-01?context=bWFzdGVyfGltYWdlc3w0Njk3MXxpbWFnZS9wbmd8c3lzLW1hc3Rlci9pbWFnZXMvaGMxL2hlMi85Njc3MzM0NzQxMDIyLzMxNjM3Ni1lbi1VUy00ODBweC0wMXw0OWI4Yzg3M2E2YmI3MTg5YjhjNjI2ZGE4N2U5N2UyMzdhY2M1MDU0ZjdjM2QwMTQzMzk5MDFiZDdlZDkwMjk2
316377	cut	https://www.amway.com/medias/316377-en-US-480px-01?context=bWFzdGVyfGltYWdlc3wyMzk3MDR8aW1hZ2UvcG5nfHN5cy1tYXN0ZXIvaW1hZ2VzL2gwZi9oMzUvOTY3NzMzMTEwMzc3NC8zMTYzNzctZW4tVVMtNDgwcHgtMDF8YTVmNjZjY2QxOTliMzhhN2Y3NzIxMzY2ODExNTZkNDU2ZmUwMTJjOGEwZTc0NjZlNTdhOWFhYzMyZTkzOWFmMQ
316378	photo	https://www.amway.com/medias/316378-en-US-690px-03?context=bWFzdGVyfGltYWdlc3w1NDEyODV8aW1hZ2UvcG5nfHN5cy1tYXN0ZXIvaW1hZ2VzL2g0NS9oZGQvOTY4MDU5MTc0OTE1MC8zMTYzNzgtZW4tVVMtNjkwcHgtMDN8ZWY5MDI5NzNkMDNmZDEwYTA1NTJmZjExMzhiMDMzMzI3YjAxMmFkMTMxNTdjYTQ2N2JjZTljOGJmY2Y5MGVlOQ
127811	cut	https://www.amway.com/medias/127811-en-US-480px-01?context=bWFzdGVyfGltYWdlc3wxNTE2Nzd8aW1hZ2UvcG5nfHN5cy1tYXN0ZXIvaW1hZ2VzL2gyNC9oNDQvOTgxODAxNzQ2NDM1MC8xMjc4MTEtZW4tVVMtNDgwcHgtMDF8NjA3M2U3OGRjMDE5NzM3NjA2YWU1YTE5MmYxM2FiMjRkZjM4ZjQ1ZTBhOTRmYjQ2ZDUzYjhmMjk4YzljNzI1Yg
101444	cut	https://www.amway.com/medias/101444-en-US-690px-01?context=bWFzdGVyfGltYWdlc3wyMTEyMTh8aW1hZ2UvcG5nfHN5cy1tYXN0ZXIvaW1hZ2VzL2hhYy9oNGEvMTA0NjI0ODIxMzcxMTgvMTAxNDQ0LWVuLVVTLTY5MHB4LTAxfDMzYjllY2UyOWRmNTEzYWQxYjFkNjc5YWIwNjU2YzRhYTU2MjNhNjhjN2NhYTI3MGRhYTExYmJkOTY0ZWE1NjA
126184	cut	https://www.amway.com/medias/126184-en-US-480px-01?context=bWFzdGVyfGltYWdlc3wxMTE5Mjd8aW1hZ2UvcG5nfHN5cy1tYXN0ZXIvaW1hZ2VzL2g0Ni9oZmYvOTUyNTI4MTE5NDAxNC8xMjYxODQtZW4tVVMtNDgwcHgtMDF8YzYyNjA5MGYxZGYxNjcyZjljNTcxMTcxNDM1YzFiNjI0MDc1MDcwMjQwZjc4ZWY1MjJmMTM4ZDE5NmI2OGYyMQ
126197	cut	https://www.amway.com/medias/126197-en-US-480px-01?context=bWFzdGVyfGltYWdlc3wxMTkyMDJ8aW1hZ2UvcG5nfGltYWdlcy9oMGMvaDViLzk1MDg5MjE4MzU1NTAucG5nfDkxMjg0Yjc5ZjIxMmQwMzY2NWRlZTViYWM3MjkxZjVmMTJlZGRjNzA4YjZkYzBmMjk4ODczZTk3NTliOTJlNDM
126198	cut	https://www.amway.com/medias/126198-en-US-480px-01?context=bWFzdGVyfGltYWdlc3wxMTU0MTF8aW1hZ2UvcG5nfHN5cy1tYXN0ZXIvaW1hZ2VzL2g3OC9oOTgvOTUzMjI5NDkyMjI3MC8xMjYxOTgtZW4tVVMtNDgwcHgtMDF8OWQ0YTkxYzgzZTFhNGI2NTA5MWU4YzFkMDllZGMwOWZmM2RjYThkOTdhZTUyZmI0NDUzMTdlNmEzYTUzYWVmMA
126199	cut	https://www.amway.com/medias/126199-en-US-480px-01?context=bWFzdGVyfGltYWdlc3wxMTk0MDR8aW1hZ2UvcG5nfHN5cy1tYXN0ZXIvaW1hZ2VzL2hjOS9oZmQvOTUyNjI4MTc5NzY2Mi8xMjYxOTktZW4tVVMtNDgwcHgtMDF8NDc2ZjFjZjI0YzFjYWViYjkxM2UwZGE0YjUyYjVjNmY4ZTAxMjMwZWI3MTczY2U5ZmM2MDY2ZWJjODViMjFjMA
126201	cut	https://www.amway.com/medias/126201-en-US-480px-01?context=bWFzdGVyfGltYWdlc3wxMDA4NDF8aW1hZ2UvcG5nfHN5cy1tYXN0ZXIvaW1hZ2VzL2gyYi9oM2YvOTUxNDY2OTE3ODkxMC8xMjYyMDEtZW4tVVMtNDgwcHgtMDF8YmViODUxNzcyNWEwMzE3YjEyNTE4NGQ0MDhiZjRiZDZkMzNmYWNiODFiY2IxNmQ5ZTRiNDhmMWNkYjFiZDM5MQ
126202	cut	https://www.amway.com/medias/126202-en-US-480px-01?context=bWFzdGVyfGltYWdlc3wxMTc4Njh8aW1hZ2UvcG5nfHN5cy1tYXN0ZXIvaW1hZ2VzL2gwMS9oMzQvOTUxNDY3MjQyMjk0Mi8xMjYyMDItZW4tVVMtNDgwcHgtMDF8ZWUxOTlhYTI1ZjdhY2VjMmEwMWQwMmUwMjUzZTIyOGY4ZGM1ZWEyNGJhNGQ4NzlkMmEwOGI2OTgyMjNiZDdkZQ
126883	cut	https://www.amway.com/medias/126883-en-US-480px-01?context=bWFzdGVyfGltYWdlc3wxMTM5NDN8aW1hZ2UvcG5nfHN5cy1tYXN0ZXIvaW1hZ2VzL2hhNi9oNmIvOTUzMDk5ODAzMDM2Ni8xMjY4ODMtZW4tVVMtNDgwcHgtMDF8YzFhNWVhNWM0NzkwMjUyNzY1ZGRlZjIzMzlkNzc3OTc1N2E0YjRhYjA3ZTg2OWNkZDJkZGIyMzNlYTMzMjFkYg
126981	cut	https://www.amway.com/medias/126981-en-US-480px-01?context=bWFzdGVyfGltYWdlc3wxMjE1MDR8aW1hZ2UvcG5nfHN5cy1tYXN0ZXIvaW1hZ2VzL2gzZS9oZmUvOTUxNDY1ODAzNzc5MC8xMjY5ODEtZW4tVVMtNDgwcHgtMDF8OTUzZTliZDE0ZmI5MDI5NzU0NmM1MWIyZDFiMGIyMWI4NzhhMTBiMTY0MmQwMjQzZDQ2YzRlNmQ0Yzg3M2UwMw
126982	cut	https://www.amway.com/medias/126982-en-US-480px-01?context=bWFzdGVyfGltYWdlc3wxMTgyNTB8aW1hZ2UvcG5nfHN5cy1tYXN0ZXIvaW1hZ2VzL2hmNC9oYzAvOTUzMjMyNzQyODEyNi8xMjY5ODItZW4tVVMtNDgwcHgtMDF8MzU2MWI0NjhlOWI2Mjg3OThmZmZhMjRmMmZmZDBmNDg4ZWJlMGI5YmJiY2QxYTMyYTdmY2Y2N2ZmZTQ2ZmJjMA
126983	cut	https://www.amway.com/medias/126983-en-US-480px-01?context=bWFzdGVyfGltYWdlc3wxMTY4ODh8aW1hZ2UvcG5nfGltYWdlcy9oOGEvaGU0Lzk1MDUzNDQ0NTQ2ODYucG5nfGQ0N2FkYWI3ZGYwMDFkZTg0YWRjNmY0ODMzYjI2ZmZmOWM1ZTBlYTUyMDZhZTllOWQyOWJmYjkyMGI0OGRjODI
126984	cut	https://www.amway.com/medias/126984-en-US-480px-01?context=bWFzdGVyfGltYWdlc3wxMTc0MDR8aW1hZ2UvcG5nfHN5cy1tYXN0ZXIvaW1hZ2VzL2hhZS9oZTIvOTUyODgyMTcxMDg3OC8xMjY5ODQtZW4tVVMtNDgwcHgtMDF8OTc0MGJjZjllZDlhNzFlNDA3YjM0NWZlNWE2ZTQ2M2YxNjcwNTkwNjFiYzY1NTViNDIyYzU2NTY3Yjg0OWQxOA
126986	cut	https://www.amway.com/medias/126986-en-US-480px-01?context=bWFzdGVyfGltYWdlc3wxMTY5MTJ8aW1hZ2UvcG5nfHN5cy1tYXN0ZXIvaW1hZ2VzL2hkYi9oZWUvOTUyNTMwOTg2NjAxNC8xMjY5ODYtZW4tVVMtNDgwcHgtMDF8M2Q3MmU2NGQ1ZDQ4OTkxMTNjNGM4NmYxNTlhNGE0ZWFiNDI4NmQ4ZGViOWNiMDE2NDhjMzMwOTBjMmUwMDY2NA
126987	cut	https://www.amway.com/medias/126987-en-US-480px-01?context=bWFzdGVyfGltYWdlc3wxMTQ0Nzd8aW1hZ2UvcG5nfHN5cy1tYXN0ZXIvaW1hZ2VzL2hjZi9oMDcvOTUzMjMzMjcwMzc3NC8xMjY5ODctZW4tVVMtNDgwcHgtMDF8OTdhODczNjFmYTcwZDUwZWViMTk3ZGFiODg0OTExZGNkNTMzMjZlZjVmNWUwM2NlY2M0MTBlOTkzMGJmZjcxMA
126998	cut	https://www.amway.com/medias/126998-en-US-480px-01?context=bWFzdGVyfGltYWdlc3wxMTczMjh8aW1hZ2UvcG5nfHN5cy1tYXN0ZXIvaW1hZ2VzL2hjYi9oNzUvOTUzMDk5ODMyNTI3OC8xMjY5OTgtZW4tVVMtNDgwcHgtMDF8MTZiZGFhYTNjNDlhNTJjZTVhODg2MDJmMDY1YmNjZWVlYWNmZGI1ZmQzY2NjYTk5NjU1YWQ0MzMyMDU1NGVhNA
127070	cut	https://www.amway.com/medias/127070-en-US-480px-01?context=bWFzdGVyfGltYWdlc3wyNzg3Mjh8aW1hZ2UvcG5nfHN5cy1tYXN0ZXIvaW1hZ2VzL2gwNC9oZmMvOTUzNzY4MjA3OTc3NC8xMjcwNzAtZW4tVVMtNDgwcHgtMDF8ZmNmNzRjYWQ1MGQ0OTgwOGZjNTg1MTFhOTA2NWVlMTA1MzEyODdmYzYzOGRlOWY1YzJlZDY3ZWE1MzgwMTI4ZA
127071	white	https://www.amway.com/medias/127071-en-US-480px-01?context=bWFzdGVyfGltYWdlc3wyMjQ3OTV8aW1hZ2UvcG5nfHN5cy1tYXN0ZXIvaW1hZ2VzL2hlZC9oMTcvMTAzNjA1MDQxMjM0MjIvMTI3MDcxLWVuLVVTLTQ4MHB4LTAxfGQ1ZTZmNmQyMDE5ZGI3NTI0YWUxN2Y2MDdlYjAwODUyOTQxYmI0MTFkMmQ2MGYwMGRlYjExMTIzZGRkZDRmNWU
127935	cut	https://www.amway.com/medias/127935-en-US-480px-01?context=bWFzdGVyfGltYWdlc3w4NjI5M3xpbWFnZS9wbmd8c3lzLW1hc3Rlci9pbWFnZXMvaDA4L2hmZC85OTI3Njc2NDkzODU0LzEyNzkzNS1lbi1VUy00ODBweC0wMXwzYTY4Y2JlYWQwZTc0OTg0Zjc0YWZmMzk0MjMxZjU2NzllZmQxZWRjMDg2NzYxOTdjMGVkNTIyNjBkY2U2Y2Ix
127936	cut	https://www.amway.com/medias/127936-en-US-480px-01?context=bWFzdGVyfGltYWdlc3w3OTg0MnxpbWFnZS9wbmd8c3lzLW1hc3Rlci9pbWFnZXMvaDdmL2hmOS85OTI3Njc2NzIzMjMwLzEyNzkzNi1lbi1VUy00ODBweC0wMXxjOGZhMzhlZjUxOWRmNzVkZmZlYWZjMjgwMTQ5OThmMTAxYjk2M2RmMDZmYzdjMDY5N2VlZTc5YWU2NDk2ZWM3
128583	white	https://www.amway.com/medias/128583-en-US-480px-01?context=bWFzdGVyfGltYWdlc3wxMTc4ODh8aW1hZ2UvcG5nfHN5cy1tYXN0ZXIvaW1hZ2VzL2hlYS9oZjIvMTAzNjA1Njk5MjE1NjYvMTI4NTgzLWVuLVVTLTQ4MHB4LTAxfDlhMmI0MzZhYjIyZDI5YzA1N2FjMDc2ZjhjNzBlZTgxMzYzMTVlMDE5YjQ3MGU1MDJhNTA5MGZjOTkwMjRiZmY
316379	white	https://www.amway.com/medias/316379-en-US-480px-01?context=bWFzdGVyfGltYWdlc3w0MjY2MnxpbWFnZS9wbmd8c3lzLW1hc3Rlci9pbWFnZXMvaGYzL2g4Ni85Njc3MzMwODA4ODYyLzMxNjM3OS1lbi1VUy00ODBweC0wMXxmZjc5ZDZkNjhkZjc2MzA3ZDNiYTA1Yjk4ZTBkNGMyMWI4MzE4ZjIwNmQ3ZWMyY2ZmMmY5MjhiNWE5NDNkZjZi
316380	cut	https://www.amway.com/medias/316380-en-US-480px-01?context=bWFzdGVyfGltYWdlc3wyMzU2NjB8aW1hZ2UvcG5nfHN5cy1tYXN0ZXIvaW1hZ2VzL2g5NS9oNDYvOTY3NzMzMjY3NjYzOC8zMTYzODAtZW4tVVMtNDgwcHgtMDF8OTM4NmRlNmNjNjMxNThkNjNlMmVlZWExNzM0OTQwNDBhNTI3OTI2N2RkODhlOWNjN2JlZGMyMmRiYTc5NmY3Nw
126753	photo	https://www.amway.com/medias/126753-en-US-480px-01?context=bWFzdGVyfGltYWdlc3w0NDMyM3xpbWFnZS9wbmd8aW1hZ2VzL2gzZi9oM2YvOTQ2OTMxNTc0Mzc3NC5wbmd8OTdiZTcwNDM4NTI5YjAzZWQyYmM3ZDVkZDcxMmU4MTc0NTllZTU0MzhiMDBkZGQ4M2Y0NWYzMzYzMmY3MmFiNw
126754	photo	https://www.amway.com/medias/126754-en-US-690px-03?context=bWFzdGVyfGltYWdlc3wxOTAwNDF8aW1hZ2UvcG5nfHN5cy1tYXN0ZXIvaW1hZ2VzL2g5Ny9oOTgvOTcwMTk1NTk5MzYzMC8xMjY3NTQtZW4tVVMtNjkwcHgtMDN8YjlmM2Q3NWMyMGIyOGQyZmNmZTlhMjU1NzQ4NDcwMTFmYzNiMzY5ZTVmYzRkN2Y1YWFhOGQ1YzVhNDU3ZmFkZg
296753	photo	https://www.amway.com/medias/296753-en-US-480px-01?context=bWFzdGVyfGltYWdlc3w0OTkyNXxpbWFnZS9wbmd8aW1hZ2VzL2hiZS9oOTQvOTM1NTMwOTgwOTY5NC5wbmd8ZTBiNDVhZjI0NTFjZWMyZTllYTg5ZTgyN2QxMDk0MzEzNWYzMTQ5ODJkMGMwMjQ1ZDY1OWRlYmNlZDFlODMwYQ
300323	photo	https://www.amway.com/medias/300323-en-US-480px-01?context=bWFzdGVyfGltYWdlc3w0NTExN3xpbWFnZS9wbmd8aW1hZ2VzL2g1Mi9oMDQvOTM1NTM3MDE2ODM1MC5wbmd8ZThiMWU5YTM3YmMxMDQ2MzIwN2YwMDA3MzVkNTAxNTA0ZTk0MDE3ZmFhZjdlMzAzNjAwMjkwYmZkZDY0ZGE0Zg
124812	photo	https://www.amway.com/medias/124812-en-US-690px-01?context=bWFzdGVyfGltYWdlc3w0MjQyOHxpbWFnZS9wbmd8aW1hZ2VzL2gxYi9oMDgvOTM1NTI4MzA3MTAwNi5wbmd8M2M3NjMyNjE4NjYzYjFjYTI3Yzk5MjdhMmQxZWU3M2E5NWY1MzkyNmE2MTQzZDUxYTM0YzNiZTM3M2Y3OWI1Yw
123783V	white	https://www.amway.com/medias/123783V-en-US-690px-02?context=bWFzdGVyfGltYWdlc3w5MjI4OXxpbWFnZS9qcGVnfGltYWdlcy9oYTIvaDJmLzkyMTAzNjk4MDIyNzAuanBnfDA1MzhjMjY4MTU1NDI0Nzg1OTcwMzQwNjM3MzI0MjYzZGIwNDY4ODk1ZmNkZDE0N2Q3OWM5MGM3ZDQwZDRhZDA
125575	white	https://www.amway.com/medias/125575-en-US-690px-01?context=bWFzdGVyfGltYWdlc3w1Mzc4MXxpbWFnZS9wbmd8c3lzLW1hc3Rlci9pbWFnZXMvaGJjL2hiYy85NzMzNTc2NjIyMTEwLzEyNTU3NS1lbi1VUy02OTBweC0wMXxmOGYwMjVlYjI0ZDg1MmExOWVlZjcwZGNkNGY4MWE1OWUxNjQ0OTE4NDM4OTZlYmJjNTM4YjNlYWRmZTA2MDg0
128032	photo	https://www.amway.com/medias/128032-en-US-690px-03?context=bWFzdGVyfGltYWdlc3w4NDAwNzV8aW1hZ2UvcG5nfHN5cy1tYXN0ZXIvaW1hZ2VzL2hhYi9oYzkvOTk3MjU0MDYwNDQ0Ni8xMjgwMzItZW4tVVMtNjkwcHgtMDN8ODhhYTYwZjM1ZmZmMWUxYzU2ZmI1YjJhMjg0NjFhNjJmOGQ3NzMzNWEyZjdiZDQyM2Y3ODU4N2M3YTU0NDhlYg
308641	photo	https://www.amway.com/medias/308641-en-US-690px-04?context=bWFzdGVyfGltYWdlc3wxNzY5NTF8aW1hZ2UvcG5nfHN5cy1tYXN0ZXIvaW1hZ2VzL2gxMS9oMDUvOTc3OTY4MzA5ODY1NC8zMDg2NDEtZW4tVVMtNjkwcHgtMDR8OWE3ZGUxYTliY2JhODAzZDM1Zjg2OGQ1Nzg2ZWRhOTFmNTIxNjgxZDAxYWRlNDQ0YTc0OTU0NDY3YWI5NzhlZg
124506	white	https://www.amway.com/medias/124506-en-US-690px-02?context=bWFzdGVyfGltYWdlc3w3MjI1OHxpbWFnZS9qcGVnfGltYWdlcy9oMGEvaGU2Lzg4NzM5ODk3MzQ0MzAuanBnfDI0ZTg1NmEzMjM2ODkyODFhNTc1NWE0OWVlMWMwOGQyMDUwZjE4MzRmYTJiMWIwYzU5MmEyNTc2NGFiMzNlM2U
127940	white	https://www.amway.com/medias/127940-en-US-690px-01?context=bWFzdGVyfGltYWdlc3wzMDI4MDR8aW1hZ2UvcG5nfHN5cy1tYXN0ZXIvaW1hZ2VzL2gzNy9oMjkvMTAzOTMzNDQ5OTk0NTQvMTI3OTQwLWVuLVVTLTY5MHB4LTAxfDY1NTY4NWQ0Njc3MzU5NDAwN2MyN2JjYWZmNGJiZGMwZDRhNzY3MTYwN2QyZWRhYWQyNjhkOGZmM2IwNGVmMWU
308636	photo	https://www.amway.com/medias/308636-en-US-690px-01?context=bWFzdGVyfGltYWdlc3wxMzM5Njh8aW1hZ2UvcG5nfHN5cy1tYXN0ZXIvaW1hZ2VzL2gxMi9oZjYvOTY2NTIzOTEyMTk1MC8zMDg2MzYtZW4tVVMtNjkwcHgtMDF8ZTk1OTE3OTI3MjI3ODljZjhlZDRmM2Y4NGZlODYyMmE3OTg3MDhhNWU5YWU2NGMyMTIyOGY1ZTBhNDIwMjAzZg
