sleep	128032	Magnesium	Nutrilite™ Magnesium	https://amway.com/share-link/ROw2AOp7v	bWFzdGVyfGltYWdlc3wzNDQwOTJ8aW1hZ2UvcG5nfHN5cy1tYXN0ZXIvaW1hZ2VzL2g5OC9oYWQvOTk5NDEwMzM1NzQ3MC8xMjgwMzItZW4tVVMtNjkwcHgtMDF8NjI4Y2ZlZjUwYzNkNDQ0M2I0OWU1OWIyODliYjcxN2QyMjk4ZDFkYTBjYjMzNDBkNTFhZTlhMmNkNzliY2FiYg
sleep	127940	Sleep Health	Nutrilite™ Sleep Health	https://amway.com/share-link/o8m6KGk53	bWFzdGVyfGltYWdlc3wzMDI4MDR8aW1hZ2UvcG5nfHN5cy1tYXN0ZXIvaW1hZ2VzL2gzNy9oMjkvMTAzOTMzNDQ5OTk0NTQvMTI3OTQwLWVuLVVTLTY5MHB4LTAxfDY1NTY4NWQ0Njc3MzU5NDAwN2MyN2JjYWZmNGJiZGMwZDRhNzY3MTYwN2QyZWRhYWQyNjhkOGZmM2IwNGVmMWU
sleep	308636	Chamomile Tea	Nutrilite™ Organics Chamomile Tea	https://amway.com/share-link/qe6JKbGxp	bWFzdGVyfGltYWdlc3wxMzM5Njh8aW1hZ2UvcG5nfHN5cy1tYXN0ZXIvaW1hZ2VzL2gxMi9oZjYvOTY2NTIzOTEyMTk1MC8zMDg2MzYtZW4tVVMtNjkwcHgtMDF8ZTk1OTE3OTI3MjI3ODljZjhlZDRmM2Y4NGZlODYyMmE3OTg3MDhhNWU5YWU2NGMyMTIyOGY1ZTBhNDIwMjAzZg
sleep	124506	Sweet Dreams	n* by Nutrilite™ Sweet Dreams – Sleep Gummies	https://amway.com/share-link/PVUuzXLQ6	bWFzdGVyfGltYWdlc3w2NTI0N3xpbWFnZS9wbmd8aW1hZ2VzL2g2MS9oNmMvOTM1NTI5MjA0OTQzOC5wbmd8YTQ1YzI4MmY5ODI1ZWFkYjgxMmFiZDEwMTE1MDlhY2ZmZjI1MTJlZWFiMDNiMTlhYTZmODQyZDY1ODIyYzY5YQ
sleep	308641	Ashwagandha	Nutrilite™ Organics Ashwagandha Capsules	https://amway.com/share-link/SMhXOCNJy	bWFzdGVyfGltYWdlc3w3ODY0OHxpbWFnZS9wbmd8c3lzLW1hc3Rlci9pbWFnZXMvaGIxL2gxMi85Nzc5NjgzNDkxODcwLzMwODY0MS1lbi1VUy02OTBweC0wMXxlZGFmMGQyYTVhYTg1OGUxMTU0ZDk2ODEzNDQ1ODI3M2FjZjM1NTA3MGNkODRiMTgwMTFiZTZlNGEzYWI0NGZh
morning	127725	GI Primer	Nutrilite Begin™ Daily GI Primer	https://amway.com/share-link/FOhn2MdGS	bWFzdGVyfGltYWdlc3wzNjQzNTJ8aW1hZ2UvcG5nfHN5cy1tYXN0ZXIvaW1hZ2VzL2hmNC9oYmQvOTgzMjAwMzkyODA5NC8xMjc3MjUtZW4tVVMtNjkwcHgtMDF8ZDk5YmUwY2QwN2E2Y2EyZTFlZWIzODc3MDRjNzA1NDc0NTdhMDFkMmQ0MDA2NTZmMWUzNTZhODVhYjJjY2RiYQ
morning	120571	Probiotic	Nutrilite™ Balance Within™ Probiotic	https://amway.com/share-link/k5GGxS-5u	bWFzdGVyfGltYWdlc3w4MjgwMnxpbWFnZS9wbmd8aW1hZ2VzL2hjYy9oMTAvOTQ0OTg4Mjg3Nzk4Mi5wbmd8ZTdlMTg2M2Q4ZjIwZDQxNmViNTYwY2RiNTRjNzhmMWU0OWQzNDFkNWQ0OWUwMjcwZGJkM2RlMWJkOWIxM2I2Mw
morning	128463	@catalog	@catalog	@catalog	@catalog
morning	110922	Twist Tubes	Nutrilite™ Twist Tubes 2GO™ – Variety Pack	https://amway.com/share-link/s8elwQ-bb	bWFzdGVyfGltYWdlc3w1MDEyNjB8aW1hZ2UvcG5nfHN5cy1tYXN0ZXIvaW1hZ2VzL2hkNi9oMjEvOTU1Njk4MDQwMDE1OC8xMTA5MjItZW4tVVMtNjkwcHgtMDF8YWZiNjFjZTgzOWZhMmVlMDRhMGFhOGIzM2ViNWFlY2Y4OThjZjc5MDNhNWNlYzM5ZTFlZjhjZTdiODU1YzcyNA
treats	128154	@catalog	@catalog	@catalog	@catalog
treats	128155	@catalog	@catalog	@catalog	@catalog
treats	128156	@catalog	@catalog	@catalog	@catalog
treats	110385	@catalog	@catalog	@catalog	@catalog
treats	110386	@catalog	@catalog	@catalog	@catalog
treats	316305	Berries & Seeds	Nutrilite™ Organics All-in-One Bars – Berries & Seeds	https://amway.com/share-link/90MN2VV7h	bWFzdGVyfGltYWdlc3wxMzY2MTd8aW1hZ2UvcG5nfHN5cy1tYXN0ZXIvaW1hZ2VzL2gxOS9oMWQvOTc0MjgxMzY5MTkzNC8zMTYzMDUtZW4tVVMtNjkwcHgtMDF8NDJjYjg3ZjQyZDZlMmUxNDI0ZGIzYWZmOTU4OTMxZTdkNTRiZmMzOTViMDk0MjgwYTViZGE0MjY4ZTZmZGIxZg
treats	316303	Double Chocolate	Nutrilite™ Organics All-in-One Bars – Double Chocolate	https://amway.com/share-link/195NEh7tP	bWFzdGVyfGltYWdlc3wxMzE3NDZ8aW1hZ2UvcG5nfHN5cy1tYXN0ZXIvaW1hZ2VzL2g3OC9oODAvOTc0MjgyMDk5OTE5OC8zMTYzMDMtZW4tVVMtNjkwcHgtMDF8NzY5YmVkMzcxZjNmYWM4NGFlOTI1ZmIyMzUzNjdmNjRkNmVhNGM5ZmMxYWZkODdjNzI4NDRlOWE1MDA1Y2NlMw
treats	316302	Peanut Butter	Nutrilite™ Organics All-in-One Bars – Peanut Butter	https://amway.com/share-link/WsloZO1TV	bWFzdGVyfGltYWdlc3wxMzAyNzV8aW1hZ2UvcG5nfHN5cy1tYXN0ZXIvaW1hZ2VzL2g5NS9oZWEvOTc0MjgyNDQ3MjYwNi8zMTYzMDItZW4tVVMtNjkwcHgtMDF8NTc4ZGE2ZDI2MmEyNjQ1YzZmNTFmMDc5Y2IzYTI2ZmJlNTkyMDk5N2Q5Yzg2NTdiZGE5OGRkNTExNDhlYTE0OA
sportsnut	107846	@catalog	@catalog	@catalog	@catalog
sportsnut	316375	@catalog	@catalog	@catalog	@catalog
sportsnut	316376	@catalog	@catalog	@catalog	@catalog
sportsnut	316377	@catalog	@catalog	@catalog	@catalog
sportsnut	316378	@catalog	@catalog	@catalog	@catalog
sportsnut	316379	@catalog	@catalog	@catalog	@catalog
sportsnut	316380	@catalog	@catalog	@catalog	@catalog
sportsnut	126753	@catalog	@catalog	@catalog	@catalog
sportsnut	126754	@catalog	@catalog	@catalog	@catalog
fridge	@group:energy	@catalog	@catalog	@catalog	@catalog
mirror	124812	Glow Boss Cleanser	Artistry Studio™ Glow Boss Cleanser + Exfoliator	https://amway.com/share-link/2Vi-rjqyj	bWFzdGVyfGltYWdlc3w0MjQyOHxpbWFnZS9wbmd8aW1hZ2VzL2gxYi9oMDgvOTM1NTI4MzA3MTAwNi5wbmd8M2M3NjMyNjE4NjYzYjFjYTI3Yzk5MjdhMmQxZWU3M2E5NWY1MzkyNmE2MTQzZDUxYTM0YzNiZTM3M2Y3OWI1Yw
mirror	123783V	Softening Toner	Artistry Skin Nutrition™ Renewing Softening Toner	https://amway.com/share-link/hKMa0MHHc	bWFzdGVyfGltYWdlc3wzNjUyOXxpbWFnZS9wbmd8aW1hZ2VzL2hlNy9oNDIvOTM1NTI4NzMzMDg0Ni5wbmd8ZThkZWMwOTY0ZmVhNjM1NWExNDQ0YzY5ZGFkYTRlOGVhYjI3NzIyYmNkZDZjMDUyNDgxZWUyYThhOGMzMjMyZg
mirror	125575	Sleeping Mask	Artistry Skin Nutrition™ Sleeping Mask	https://amway.com/share-link/iWAplHgh3	bWFzdGVyfGltYWdlc3w1Mzc4MXxpbWFnZS9wbmd8c3lzLW1hc3Rlci9pbWFnZXMvaGJjL2hiYy85NzMzNTc2NjIyMTEwLzEyNTU3NS1lbi1VUy02OTBweC0wMXxmOGYwMjVlYjI0ZDg1MmExOWVlZjcwZGNkNGY4MWE1OWUxNjQ0OTE4NDM4OTZlYmJjNTM4YjNlYWRmZTA2MDg0
glowup	124812	Glow Boss Cleanser	Artistry Studio™ Glow Boss Cleanser + Exfoliator	https://amway.com/share-link/2Vi-rjqyj	bWFzdGVyfGltYWdlc3w0MjQyOHxpbWFnZS9wbmd8aW1hZ2VzL2gxYi9oMDgvOTM1NTI4MzA3MTAwNi5wbmd8M2M3NjMyNjE4NjYzYjFjYTI3Yzk5MjdhMmQxZWU3M2E5NWY1MzkyNmE2MTQzZDUxYTM0YzNiZTM3M2Y3OWI1Yw
skinnutrition	123783V	Softening Toner	Artistry Skin Nutrition™ Renewing Softening Toner	https://amway.com/share-link/hKMa0MHHc	bWFzdGVyfGltYWdlc3wzNjUyOXxpbWFnZS9wbmd8aW1hZ2VzL2hlNy9oNDIvOTM1NTI4NzMzMDg0Ni5wbmd8ZThkZWMwOTY0ZmVhNjM1NWExNDQ0YzY5ZGFkYTRlOGVhYjI3NzIyYmNkZDZjMDUyNDgxZWUyYThhOGMzMjMyZg
skinnutrition	125575	Sleeping Mask	Artistry Skin Nutrition™ Sleeping Mask	https://amway.com/share-link/iWAplHgh3	bWFzdGVyfGltYWdlc3w1Mzc4MXxpbWFnZS9wbmd8c3lzLW1hc3Rlci9pbWFnZXMvaGJjL2hiYy85NzMzNTc2NjIyMTEwLzEyNTU3NS1lbi1VUy02OTBweC0wMXxmOGYwMjVlYjI0ZDg1MmExOWVlZjcwZGNkNGY4MWE1OWUxNjQ0OTE4NDM4OTZlYmJjNTM4YjNlYWRmZTA2MDg0
